split,seed,model,adr,roc_auc,pr_auc,prevalence
scaffold,0,morgan+desc+mlp,Hepatobiliary disorders,0.7129434118829978,0.7091321006274761,0.5206727400140154
scaffold,0,morgan+desc+mlp,Metabolism and nutrition disorders,0.6205218724492934,0.7829415871300538,0.6979677645409951
scaffold,0,morgan+desc+mlp,Product issues,0.36551063470539097,0.03003257800353274,0.015416958654519973
scaffold,0,morgan+desc+mlp,Eye disorders,0.6506115351056991,0.7380896814922349,0.613875262789068
scaffold,0,morgan+desc+mlp,Investigations,0.6779017235658037,0.8933971598489638,0.8065872459705676
scaffold,0,morgan+desc+mlp,Musculoskeletal and connective tissue disorders,0.6440493881242635,0.8073428015229384,0.6986685353889278
scaffold,0,morgan+desc+mlp,Gastrointestinal disorders,0.724196143511318,0.9601196181432463,0.9096005606166784
scaffold,0,morgan+desc+mlp,Social circumstances,0.633660811141195,0.28514000657526056,0.17589348283111422
scaffold,0,morgan+desc+mlp,Immune system disorders,0.6280491015891256,0.8089479597701678,0.7175893482831114
scaffold,0,morgan+desc+mlp,Reproductive system and breast disorders,0.6873974824202091,0.7028343925487384,0.5094604064470918
scaffold,0,morgan+desc+mlp,"Neoplasms benign, malignant and unspecified (incl cysts and polyps)",0.6504235143213697,0.43622166747634283,0.263489838822705
scaffold,0,morgan+desc+mlp,General disorders and administration site conditions,0.6128239598974892,0.9374175108710873,0.905395935529082
scaffold,0,morgan+desc+mlp,Endocrine disorders,0.6616409641915254,0.43864509796493306,0.2263489838822705
scaffold,0,morgan+desc+mlp,Surgical and medical procedures,0.577481511252523,0.2165057212037985,0.14926419060967064
scaffold,0,morgan+desc+mlp,Vascular disorders,0.6460420977196046,0.8627135344177066,0.7764540995094604
scaffold,0,morgan+desc+mlp,Blood and lymphatic system disorders,0.6933045336446719,0.7918787425753144,0.6201822004204625
scaffold,0,morgan+desc+mlp,Skin and subcutaneous tissue disorders,0.6951821189904458,0.9626070909223525,0.9236159775753329
scaffold,0,morgan+desc+mlp,"Congenital, familial and genetic disorders",0.5666720060761945,0.2700925499398731,0.17729502452697968
scaffold,0,morgan+desc+mlp,Infections and infestations,0.6249763506424796,0.7895081308662645,0.7049754730203224
scaffold,0,morgan+desc+mlp,"Respiratory, thoracic and mediastinal disorders",0.6342792820264389,0.8286208786519534,0.7428170988086895
scaffold,0,morgan+desc+mlp,Psychiatric disorders,0.6567399433139386,0.813698153837063,0.7119831814996496
scaffold,0,morgan+desc+mlp,Renal and urinary disorders,0.6523697934670141,0.7645445862361658,0.6384022424667134
scaffold,0,morgan+desc+mlp,"Pregnancy, puerperium and perinatal conditions",0.507025517595258,0.10441621503297882,0.08759635599159075
scaffold,0,morgan+desc+mlp,Ear and labyrinth disorders,0.6378973767134731,0.6121408052113683,0.46180798878766643
scaffold,0,morgan+desc+mlp,Cardiac disorders,0.6591362874758465,0.8032501335539614,0.6923615977575333
scaffold,0,morgan+desc+mlp,Nervous system disorders,0.7482184486102781,0.9670004629373729,0.9138051857042747
scaffold,0,morgan+desc+mlp,"Injury, poisoning and procedural complications",0.6152005484975612,0.7527538064424093,0.6629292221443588
scaffold,0,mol2vec+logreg,Hepatobiliary disorders,0.6747864335824625,0.6715463596521125,0.5206727400140154
scaffold,0,mol2vec+logreg,Metabolism and nutrition disorders,0.6033738559237583,0.7669555146295518,0.6979677645409951
scaffold,0,mol2vec+logreg,Product issues,0.5581747917820257,0.062424612132151135,0.015416958654519973
scaffold,0,mol2vec+logreg,Eye disorders,0.6308473534651291,0.7045198214639464,0.613875262789068
scaffold,0,mol2vec+logreg,Investigations,0.6463524730172572,0.8803028041646355,0.8065872459705676
scaffold,0,mol2vec+logreg,Musculoskeletal and connective tissue disorders,0.6161209662057672,0.7815293761032833,0.6986685353889278
scaffold,0,mol2vec+logreg,Gastrointestinal disorders,0.6869774871204227,0.9539286436677207,0.9096005606166784
scaffold,0,mol2vec+logreg,Social circumstances,0.5976143885615626,0.23205811650997443,0.17589348283111422
scaffold,0,mol2vec+logreg,Immune system disorders,0.6030308621555454,0.8029449233446911,0.7175893482831114
scaffold,0,mol2vec+logreg,Reproductive system and breast disorders,0.672971553919233,0.6636204042619972,0.5094604064470918
scaffold,0,mol2vec+logreg,"Neoplasms benign, malignant and unspecified (incl cysts and polyps)",0.6620441972859061,0.40882068793436943,0.263489838822705
scaffold,0,mol2vec+logreg,General disorders and administration site conditions,0.6322329591234311,0.9392252178623929,0.905395935529082
scaffold,0,mol2vec+logreg,Endocrine disorders,0.6818037550476828,0.4079871469328489,0.2263489838822705
scaffold,0,mol2vec+logreg,Surgical and medical procedures,0.553228349599735,0.18821135970573447,0.14926419060967064
scaffold,0,mol2vec+logreg,Vascular disorders,0.6051215539383376,0.8405396803950367,0.7764540995094604
scaffold,0,mol2vec+logreg,Blood and lymphatic system disorders,0.6902869368546747,0.786849053962142,0.6201822004204625
scaffold,0,mol2vec+logreg,Skin and subcutaneous tissue disorders,0.6397822929547375,0.9494172698014364,0.9236159775753329
scaffold,0,mol2vec+logreg,"Congenital, familial and genetic disorders",0.5613526100086863,0.22151907865466886,0.17729502452697968
scaffold,0,mol2vec+logreg,Infections and infestations,0.6411177933849068,0.8074796275300284,0.7049754730203224
scaffold,0,mol2vec+logreg,"Respiratory, thoracic and mediastinal disorders",0.6242927843256039,0.8142880006870798,0.7428170988086895
scaffold,0,mol2vec+logreg,Psychiatric disorders,0.6147113760706061,0.7777572894259113,0.7119831814996496
scaffold,0,mol2vec+logreg,Renal and urinary disorders,0.6327544447150476,0.7370634233024681,0.6384022424667134
scaffold,0,mol2vec+logreg,"Pregnancy, puerperium and perinatal conditions",0.5406022484743683,0.10899910195256228,0.08759635599159075
scaffold,0,mol2vec+logreg,Ear and labyrinth disorders,0.6101600018795575,0.5470848965002054,0.46180798878766643
scaffold,0,mol2vec+logreg,Cardiac disorders,0.6271078919776005,0.773282638939785,0.6923615977575333
scaffold,0,mol2vec+logreg,Nervous system disorders,0.7288818077944843,0.9584080885625447,0.9138051857042747
scaffold,0,mol2vec+logreg,"Injury, poisoning and procedural complications",0.5954745497759205,0.7420515257103226,0.6629292221443588
scaffold,0,mol2vec+rf,Hepatobiliary disorders,0.706040120955348,0.6895834087294056,0.5206727400140154
scaffold,0,mol2vec+rf,Metabolism and nutrition disorders,0.623543358041129,0.7761981236567103,0.6979677645409951
scaffold,0,mol2vec+rf,Product issues,0.5976894025969828,0.03535603408409695,0.015416958654519973
scaffold,0,mol2vec+rf,Eye disorders,0.6362824601765331,0.7243701068162662,0.613875262789068
scaffold,0,mol2vec+rf,Investigations,0.6387833206449741,0.8773195827329532,0.8065872459705676
scaffold,0,mol2vec+rf,Musculoskeletal and connective tissue disorders,0.6352990143303743,0.7947791173559648,0.6986685353889278
scaffold,0,mol2vec+rf,Gastrointestinal disorders,0.7122048360443257,0.9586899250854103,0.9096005606166784
scaffold,0,mol2vec+rf,Social circumstances,0.6200076826618187,0.26048557405813877,0.17589348283111422
scaffold,0,mol2vec+rf,Immune system disorders,0.6252564226617702,0.800465372281207,0.7175893482831114
scaffold,0,mol2vec+rf,Reproductive system and breast disorders,0.6870406127419073,0.6984971612000146,0.5094604064470918
scaffold,0,mol2vec+rf,"Neoplasms benign, malignant and unspecified (incl cysts and polyps)",0.6899643963158543,0.46664633501688363,0.263489838822705
scaffold,0,mol2vec+rf,General disorders and administration site conditions,0.5528137798328854,0.9191438318338185,0.905395935529082
scaffold,0,mol2vec+rf,Endocrine disorders,0.6666158012462102,0.4204906753446931,0.2263489838822705
scaffold,0,mol2vec+rf,Surgical and medical procedures,0.5652659848303567,0.19971949031280395,0.14926419060967064
scaffold,0,mol2vec+rf,Vascular disorders,0.6129944712914781,0.842785763557458,0.7764540995094604
scaffold,0,mol2vec+rf,Blood and lymphatic system disorders,0.7038054633680825,0.7984874093703321,0.6201822004204625
scaffold,0,mol2vec+rf,Skin and subcutaneous tissue disorders,0.648005916172479,0.9492549749729117,0.9236159775753329
scaffold,0,mol2vec+rf,"Congenital, familial and genetic disorders",0.6187031252986503,0.2824538288391699,0.17729502452697968
scaffold,0,mol2vec+rf,Infections and infestations,0.6242951902602455,0.7839760278815777,0.7049754730203224
scaffold,0,mol2vec+rf,"Respiratory, thoracic and mediastinal disorders",0.625722624563106,0.8169329128908979,0.7428170988086895
scaffold,0,mol2vec+rf,Psychiatric disorders,0.6750570513856322,0.8263108703042141,0.7119831814996496
scaffold,0,mol2vec+rf,Renal and urinary disorders,0.6457123013739002,0.7505281122531491,0.6384022424667134
scaffold,0,mol2vec+rf,"Pregnancy, puerperium and perinatal conditions",0.5670481632142568,0.11991952477474302,0.08759635599159075
scaffold,0,mol2vec+rf,Ear and labyrinth disorders,0.6445245751369052,0.6139548002803911,0.46180798878766643
scaffold,0,mol2vec+rf,Cardiac disorders,0.671056816587325,0.8109314244148521,0.6923615977575333
scaffold,0,mol2vec+rf,Nervous system disorders,0.7481512729192067,0.9661200350757119,0.9138051857042747
scaffold,0,mol2vec+rf,"Injury, poisoning and procedural complications",0.5865794623146231,0.7325877340003745,0.6629292221443588
scaffold,0,mol2vec+mlp,Hepatobiliary disorders,0.6837107776528919,0.6780130700799504,0.5206727400140154
scaffold,0,mol2vec+mlp,Metabolism and nutrition disorders,0.6158092095822811,0.770091434521749,0.6979677645409951
scaffold,0,mol2vec+mlp,Product issues,0.5219260909001592,0.027826348954271496,0.015416958654519973
scaffold,0,mol2vec+mlp,Eye disorders,0.6299074413194298,0.7104299087092683,0.613875262789068
scaffold,0,mol2vec+mlp,Investigations,0.6419468972286682,0.8769629053281252,0.8065872459705676
scaffold,0,mol2vec+mlp,Musculoskeletal and connective tissue disorders,0.6328460959206949,0.785435742198475,0.6986685353889278
scaffold,0,mol2vec+mlp,Gastrointestinal disorders,0.692089062957912,0.9547652340017159,0.9096005606166784
scaffold,0,mol2vec+mlp,Social circumstances,0.630103025363011,0.27368214951141373,0.17589348283111422
scaffold,0,mol2vec+mlp,Immune system disorders,0.6197154909599927,0.8082521796041429,0.7175893482831114
scaffold,0,mol2vec+mlp,Reproductive system and breast disorders,0.6598336389184969,0.6489225959765694,0.5094604064470918
scaffold,0,mol2vec+mlp,"Neoplasms benign, malignant and unspecified (incl cysts and polyps)",0.6540944960804792,0.3893248767502189,0.263489838822705
scaffold,0,mol2vec+mlp,General disorders and administration site conditions,0.5981773266986066,0.9319366622569287,0.905395935529082
scaffold,0,mol2vec+mlp,Endocrine disorders,0.6638563995209468,0.3893632999095139,0.2263489838822705
scaffold,0,mol2vec+mlp,Surgical and medical procedures,0.5879270302088518,0.19875233623596447,0.14926419060967064
scaffold,0,mol2vec+mlp,Vascular disorders,0.5929040517555654,0.8263673679881851,0.7764540995094604
scaffold,0,mol2vec+mlp,Blood and lymphatic system disorders,0.6873802032534654,0.778910248417951,0.6201822004204625
scaffold,0,mol2vec+mlp,Skin and subcutaneous tissue disorders,0.6671820073315314,0.9554186453413356,0.9236159775753329
scaffold,0,mol2vec+mlp,"Congenital, familial and genetic disorders",0.5763431549553383,0.24420517291133578,0.17729502452697968
scaffold,0,mol2vec+mlp,Infections and infestations,0.6309562394386015,0.7929196632664175,0.7049754730203224
scaffold,0,mol2vec+mlp,"Respiratory, thoracic and mediastinal disorders",0.6174393203453937,0.8083665262339732,0.7428170988086895
scaffold,0,mol2vec+mlp,Psychiatric disorders,0.6272298135400556,0.7783537105137455,0.7119831814996496
scaffold,0,mol2vec+mlp,Renal and urinary disorders,0.6343984715447072,0.734157308826916,0.6384022424667134
scaffold,0,mol2vec+mlp,"Pregnancy, puerperium and perinatal conditions",0.540787985163795,0.11400197832642563,0.08759635599159075
scaffold,0,mol2vec+mlp,Ear and labyrinth disorders,0.6184738711105469,0.5671614451390972,0.46180798878766643
scaffold,0,mol2vec+mlp,Cardiac disorders,0.6313772679149454,0.7807593549813209,0.6923615977575333
scaffold,0,mol2vec+mlp,Nervous system disorders,0.7483701682901549,0.9633315083649784,0.9138051857042747
scaffold,0,mol2vec+mlp,"Injury, poisoning and procedural complications",0.5899922798006336,0.7334891850929866,0.6629292221443588
scaffold,0,mlp + rf ensemble,Hepatobiliary disorders,0.7290147790679098,0.7209056602328436,0.5206727400140154
scaffold,0,mlp + rf ensemble,Metabolism and nutrition disorders,0.6285803430283126,0.7883453303329859,0.6979677645409951
scaffold,0,mlp + rf ensemble,Product issues,0.555731574261579,0.03415937990452797,0.015416958654519973
scaffold,0,mlp + rf ensemble,Eye disorders,0.6739406456812274,0.7611792166668824,0.613875262789068
scaffold,0,mlp + rf ensemble,Investigations,0.691709292152014,0.9021718041961915,0.8065872459705676
scaffold,0,mlp + rf ensemble,Musculoskeletal and connective tissue disorders,0.6603866711078199,0.8149846956926725,0.6986685353889278
scaffold,0,mlp + rf ensemble,Gastrointestinal disorders,0.7575685779216998,0.9674400477681978,0.9096005606166784
scaffold,0,mlp + rf ensemble,Social circumstances,0.6432748110884794,0.3026397654122587,0.17589348283111422
scaffold,0,mlp + rf ensemble,Immune system disorders,0.6539077960506834,0.8286611662328912,0.7175893482831114
scaffold,0,mlp + rf ensemble,Reproductive system and breast disorders,0.7083304738059272,0.7317872658464439,0.5094604064470918
scaffold,0,mlp + rf ensemble,"Neoplasms benign, malignant and unspecified (incl cysts and polyps)",0.6857884815363626,0.4828705093505511,0.263489838822705
scaffold,0,mlp + rf ensemble,General disorders and administration site conditions,0.632400169973566,0.9417319871272761,0.905395935529082
scaffold,0,mlp + rf ensemble,Endocrine disorders,0.6882604566503676,0.4536617944676138,0.2263489838822705
scaffold,0,mlp + rf ensemble,Surgical and medical procedures,0.5917169491006329,0.23243122741092703,0.14926419060967064
scaffold,0,mlp + rf ensemble,Vascular disorders,0.6613992407357612,0.8696651085563432,0.7764540995094604
scaffold,0,mlp + rf ensemble,Blood and lymphatic system disorders,0.7123541161346707,0.8106925897102721,0.6201822004204625
scaffold,0,mlp + rf ensemble,Skin and subcutaneous tissue disorders,0.697098375206218,0.9602745921604388,0.9236159775753329
scaffold,0,mlp + rf ensemble,"Congenital, familial and genetic disorders",0.5979808470093286,0.2986533505209572,0.17729502452697968
scaffold,0,mlp + rf ensemble,Infections and infestations,0.6502143008380623,0.8124902576729214,0.7049754730203224
scaffold,0,mlp + rf ensemble,"Respiratory, thoracic and mediastinal disorders",0.6516679617925341,0.837107617810404,0.7428170988086895
scaffold,0,mlp + rf ensemble,Psychiatric disorders,0.6786982393407041,0.8251155662299532,0.7119831814996496
scaffold,0,mlp + rf ensemble,Renal and urinary disorders,0.6696031372590906,0.7689661000993485,0.6384022424667134
scaffold,0,mlp + rf ensemble,"Pregnancy, puerperium and perinatal conditions",0.5057761868659331,0.10691811710899286,0.08759635599159075
scaffold,0,mlp + rf ensemble,Ear and labyrinth disorders,0.6564322367246105,0.6347918648827039,0.46180798878766643
scaffold,0,mlp + rf ensemble,Cardiac disorders,0.6886325244454794,0.8301686899780677,0.6923615977575333
scaffold,0,mlp + rf ensemble,Nervous system disorders,0.7867164627962595,0.9747127952606134,0.9138051857042747
scaffold,0,mlp + rf ensemble,"Injury, poisoning and procedural complications",0.6253764591941089,0.7655687370586778,0.6629292221443588
scaffold,0,chemprop,Hepatobiliary disorders,0.664474579979589,0.6590173115384135,0.5206727400140154
scaffold,0,chemprop,Metabolism and nutrition disorders,0.5866558875608783,0.7497865338544865,0.6979677645409951
scaffold,0,chemprop,Product issues,0.4863468098786335,0.032338616529137915,0.015416958654519973
scaffold,0,chemprop,Eye disorders,0.6196589415441041,0.6938727962653795,0.613875262789068
scaffold,0,chemprop,Investigations,0.6125398489650248,0.8641241221017946,0.8065872459705676
scaffold,0,chemprop,Musculoskeletal and connective tissue disorders,0.6374183786370142,0.789138251716806,0.6986685353889278
scaffold,0,chemprop,Gastrointestinal disorders,0.6537204563773839,0.9426489196015988,0.9096005606166784
scaffold,0,chemprop,Social circumstances,0.5724237313845735,0.24002040774270603,0.17589348283111422
scaffold,0,chemprop,Immune system disorders,0.5605276314434358,0.7649031688473463,0.7175893482831114
scaffold,0,chemprop,Reproductive system and breast disorders,0.6582854275919428,0.6373647782927694,0.5094604064470918
scaffold,0,chemprop,"Neoplasms benign, malignant and unspecified (incl cysts and polyps)",0.6248904549902793,0.39094285832038506,0.263489838822705
scaffold,0,chemprop,General disorders and administration site conditions,0.5983699944830196,0.9341088016271584,0.905395935529082
scaffold,0,chemprop,Endocrine disorders,0.6505520181548088,0.3322812706707715,0.2263489838822705
scaffold,0,chemprop,Surgical and medical procedures,0.5620458921990681,0.20033465062559164,0.14926419060967064
scaffold,0,chemprop,Vascular disorders,0.5893236141645001,0.8179319423594557,0.7764540995094604
scaffold,0,chemprop,Blood and lymphatic system disorders,0.6447885746213584,0.7473153314861196,0.6201822004204625
scaffold,0,chemprop,Skin and subcutaneous tissue disorders,0.6087977605943111,0.9418045159543358,0.9236159775753329
scaffold,0,chemprop,"Congenital, familial and genetic disorders",0.5950155116845787,0.26316008463289026,0.17729502452697968
scaffold,0,chemprop,Infections and infestations,0.6082049244455217,0.7701009941439726,0.7049754730203224
scaffold,0,chemprop,"Respiratory, thoracic and mediastinal disorders",0.5960403521806221,0.8064767144318967,0.7428170988086895
scaffold,0,chemprop,Psychiatric disorders,0.6288220853402642,0.799018780118318,0.7119831814996496
scaffold,0,chemprop,Renal and urinary disorders,0.6179706073619513,0.7171311060000833,0.6384022424667134
scaffold,0,chemprop,"Pregnancy, puerperium and perinatal conditions",0.5635712182568494,0.11043397785110828,0.08759635599159075
scaffold,0,chemprop,Ear and labyrinth disorders,0.6076100047147708,0.5596440938501953,0.46180798878766643
scaffold,0,chemprop,Cardiac disorders,0.6558511550272879,0.8035534444136271,0.6923615977575333
scaffold,0,chemprop,Nervous system disorders,0.6764117455555716,0.9522291380784347,0.9138051857042747
scaffold,0,chemprop,"Injury, poisoning and procedural complications",0.5749719206352707,0.729540002764345,0.6629292221443588
scaffold,0,chemprop+desc,Hepatobiliary disorders,0.6749240721683506,0.6616087141382634,0.5206727400140154
scaffold,0,chemprop+desc,Metabolism and nutrition disorders,0.5983316989799115,0.7630303267379486,0.6979677645409951
scaffold,0,chemprop+desc,Product issues,0.48782963634736126,0.029875910263379008,0.015416958654519973
scaffold,0,chemprop+desc,Eye disorders,0.6304631034212279,0.7211468512410688,0.613875262789068
scaffold,0,chemprop+desc,Investigations,0.6435556856039859,0.880257213386942,0.8065872459705676
scaffold,0,chemprop+desc,Musculoskeletal and connective tissue disorders,0.6361071683380073,0.7931057568711648,0.6986685353889278
scaffold,0,chemprop+desc,Gastrointestinal disorders,0.6330853489163873,0.9418225567798153,0.9096005606166784
scaffold,0,chemprop+desc,Social circumstances,0.59463822250801,0.23672632639704072,0.17589348283111422
scaffold,0,chemprop+desc,Immune system disorders,0.5972197069855852,0.789352710957301,0.7175893482831114
scaffold,0,chemprop+desc,Reproductive system and breast disorders,0.6535264539650564,0.6356226387592553,0.5094604064470918
scaffold,0,chemprop+desc,"Neoplasms benign, malignant and unspecified (incl cysts and polyps)",0.6423356204609658,0.3792386970805852,0.263489838822705
scaffold,0,chemprop+desc,General disorders and administration site conditions,0.5659842745170252,0.9268088214003241,0.905395935529082
scaffold,0,chemprop+desc,Endocrine disorders,0.6679280426700513,0.380546962831668,0.2263489838822705
scaffold,0,chemprop+desc,Surgical and medical procedures,0.5677367174187679,0.18526203600740457,0.14926419060967064
scaffold,0,chemprop+desc,Vascular disorders,0.5732720814091367,0.8163863635166045,0.7764540995094604
scaffold,0,chemprop+desc,Blood and lymphatic system disorders,0.6776378144341895,0.7744217788785678,0.6201822004204625
scaffold,0,chemprop+desc,Skin and subcutaneous tissue disorders,0.6320168948457743,0.942350039160219,0.9236159775753329
scaffold,0,chemprop+desc,"Congenital, familial and genetic disorders",0.5963813186613283,0.2665849539247154,0.17729502452697968
scaffold,0,chemprop+desc,Infections and infestations,0.6446883678895565,0.8061637690598105,0.7049754730203224
scaffold,0,chemprop+desc,"Respiratory, thoracic and mediastinal disorders",0.6165322041588158,0.8185487324427718,0.7428170988086895
scaffold,0,chemprop+desc,Psychiatric disorders,0.6419644642743603,0.8037813368379855,0.7119831814996496
scaffold,0,chemprop+desc,Renal and urinary disorders,0.6252407902333154,0.7264358724412665,0.6384022424667134
scaffold,0,chemprop+desc,"Pregnancy, puerperium and perinatal conditions",0.5685761644313436,0.11035173826239246,0.08759635599159075
scaffold,0,chemprop+desc,Ear and labyrinth disorders,0.6195461317936035,0.5643822348639593,0.46180798878766643
scaffold,0,chemprop+desc,Cardiac disorders,0.6485571052610933,0.7992500814358838,0.6923615977575333
scaffold,0,chemprop+desc,Nervous system disorders,0.6956283934467621,0.9582507461547495,0.9138051857042747
scaffold,0,chemprop+desc,"Injury, poisoning and procedural complications",0.5947042756996781,0.7430213052898345,0.6629292221443588
scaffold,1,morgan+desc+mlp,Hepatobiliary disorders,0.686455938722783,0.6730882316954034,0.5206727400140154
scaffold,1,morgan+desc+mlp,Metabolism and nutrition disorders,0.5941874993230881,0.7674979189352071,0.6979677645409951
scaffold,1,morgan+desc+mlp,Product issues,0.5028175087445724,0.022384063926990216,0.015416958654519973
scaffold,1,morgan+desc+mlp,Eye disorders,0.629804803422377,0.7206933818617,0.613875262789068
scaffold,1,morgan+desc+mlp,Investigations,0.6711899341431529,0.8936562818496336,0.8065872459705676
scaffold,1,morgan+desc+mlp,Musculoskeletal and connective tissue disorders,0.6204974666941647,0.7864136831824582,0.6986685353889278
scaffold,1,morgan+desc+mlp,Gastrointestinal disorders,0.7308287879237904,0.9621101230240402,0.9096005606166784
scaffold,1,morgan+desc+mlp,Social circumstances,0.6520865548615853,0.30485013983107445,0.17589348283111422
scaffold,1,morgan+desc+mlp,Immune system disorders,0.6296581146161111,0.8063781895145758,0.7175893482831114
scaffold,1,morgan+desc+mlp,Reproductive system and breast disorders,0.669387280072467,0.6737579279387642,0.5094604064470918
scaffold,1,morgan+desc+mlp,"Neoplasms benign, malignant and unspecified (incl cysts and polyps)",0.6443335983220451,0.4088892036598802,0.263489838822705
scaffold,1,morgan+desc+mlp,General disorders and administration site conditions,0.6192417413711094,0.9363173925775271,0.905395935529082
scaffold,1,morgan+desc+mlp,Endocrine disorders,0.6482482547744426,0.3936242069732267,0.2263489838822705
scaffold,1,morgan+desc+mlp,Surgical and medical procedures,0.5941709323017278,0.22178884596306364,0.14926419060967064
scaffold,1,morgan+desc+mlp,Vascular disorders,0.6380965613521108,0.8520250164481744,0.7764540995094604
scaffold,1,morgan+desc+mlp,Blood and lymphatic system disorders,0.6854688984550265,0.7793256837274625,0.6201822004204625
scaffold,1,morgan+desc+mlp,Skin and subcutaneous tissue disorders,0.6764798434638994,0.9587833592781199,0.9236159775753329
scaffold,1,morgan+desc+mlp,"Congenital, familial and genetic disorders",0.5971191761117535,0.2526766699741068,0.17729502452697968
scaffold,1,morgan+desc+mlp,Infections and infestations,0.6292030960317916,0.7863185294029449,0.7049754730203224
scaffold,1,morgan+desc+mlp,"Respiratory, thoracic and mediastinal disorders",0.600725660644125,0.804350303590964,0.7428170988086895
scaffold,1,morgan+desc+mlp,Psychiatric disorders,0.6295133084534911,0.7931622503958422,0.7119831814996496
scaffold,1,morgan+desc+mlp,Renal and urinary disorders,0.6314535209106744,0.7408813555399651,0.6384022424667134
scaffold,1,morgan+desc+mlp,"Pregnancy, puerperium and perinatal conditions",0.5878877753555306,0.1414846872827075,0.08759635599159075
scaffold,1,morgan+desc+mlp,Ear and labyrinth disorders,0.6019192897271786,0.5757967730016742,0.46180798878766643
scaffold,1,morgan+desc+mlp,Cardiac disorders,0.6218909488902601,0.7782179478821577,0.6923615977575333
scaffold,1,morgan+desc+mlp,Nervous system disorders,0.7204776913208976,0.9623537959385912,0.9138051857042747
scaffold,1,morgan+desc+mlp,"Injury, poisoning and procedural complications",0.5822305153491911,0.7323364762169063,0.6629292221443588
scaffold,1,mol2vec+logreg,Hepatobiliary disorders,0.6706658655302439,0.6619731164062241,0.5206727400140154
scaffold,1,mol2vec+logreg,Metabolism and nutrition disorders,0.6166830978407699,0.7761204288052634,0.6979677645409951
scaffold,1,mol2vec+logreg,Product issues,0.5165054599769888,0.025249054232607426,0.015416958654519973
scaffold,1,mol2vec+logreg,Eye disorders,0.6274793635136018,0.7079470734710489,0.613875262789068
scaffold,1,mol2vec+logreg,Investigations,0.6587569684894072,0.8830847189925528,0.8065872459705676
scaffold,1,mol2vec+logreg,Musculoskeletal and connective tissue disorders,0.6182725146017098,0.7846864656556303,0.6986685353889278
scaffold,1,mol2vec+logreg,Gastrointestinal disorders,0.693381765435683,0.943253921042962,0.9096005606166784
scaffold,1,mol2vec+logreg,Social circumstances,0.6158315687949025,0.25378573936365906,0.17589348283111422
scaffold,1,mol2vec+logreg,Immune system disorders,0.5987298874871384,0.8027123130336775,0.7175893482831114
scaffold,1,mol2vec+logreg,Reproductive system and breast disorders,0.666539251934213,0.6602398062838427,0.5094604064470918
scaffold,1,mol2vec+logreg,"Neoplasms benign, malignant and unspecified (incl cysts and polyps)",0.6555634376368724,0.4051821842325577,0.263489838822705
scaffold,1,mol2vec+logreg,General disorders and administration site conditions,0.6203637135126439,0.9302066583427614,0.905395935529082
scaffold,1,mol2vec+logreg,Endocrine disorders,0.6761522731909586,0.40293418779940515,0.2263489838822705
scaffold,1,mol2vec+logreg,Surgical and medical procedures,0.580394902343117,0.1953457013863949,0.14926419060967064
scaffold,1,mol2vec+logreg,Vascular disorders,0.5978747431857544,0.8344619947286516,0.7764540995094604
scaffold,1,mol2vec+logreg,Blood and lymphatic system disorders,0.6864912499062654,0.7833625230730228,0.6201822004204625
scaffold,1,mol2vec+logreg,Skin and subcutaneous tissue disorders,0.623600608027815,0.9451931600080353,0.9236159775753329
scaffold,1,mol2vec+logreg,"Congenital, familial and genetic disorders",0.5597949945591341,0.22213382221306785,0.17729502452697968
scaffold,1,mol2vec+logreg,Infections and infestations,0.6327415890779904,0.7913225872042992,0.7049754730203224
scaffold,1,mol2vec+logreg,"Respiratory, thoracic and mediastinal disorders",0.6157485309417353,0.8048554908218335,0.7428170988086895
scaffold,1,mol2vec+logreg,Psychiatric disorders,0.6275260400222334,0.7856548284028861,0.7119831814996496
scaffold,1,mol2vec+logreg,Renal and urinary disorders,0.6176091708642257,0.7323718101303968,0.6384022424667134
scaffold,1,mol2vec+logreg,"Pregnancy, puerperium and perinatal conditions",0.5627237804190629,0.13143779638401878,0.08759635599159075
scaffold,1,mol2vec+logreg,Ear and labyrinth disorders,0.5950557483657999,0.5423618082249068,0.46180798878766643
scaffold,1,mol2vec+logreg,Cardiac disorders,0.6248759867713785,0.7748944418727198,0.6923615977575333
scaffold,1,mol2vec+logreg,Nervous system disorders,0.7212937198546864,0.9592112829279996,0.9138051857042747
scaffold,1,mol2vec+logreg,"Injury, poisoning and procedural complications",0.5847770701622831,0.7402897129032955,0.6629292221443588
scaffold,1,mol2vec+rf,Hepatobiliary disorders,0.7158910611856512,0.7029907932142834,0.5206727400140154
scaffold,1,mol2vec+rf,Metabolism and nutrition disorders,0.6289274404138582,0.7836412585432677,0.6979677645409951
scaffold,1,mol2vec+rf,Product issues,0.47241000329545735,0.021193282555270032,0.015416958654519973
scaffold,1,mol2vec+rf,Eye disorders,0.659576405551076,0.7457485043591452,0.613875262789068
scaffold,1,mol2vec+rf,Investigations,0.6592573567827775,0.8861786441653023,0.8065872459705676
scaffold,1,mol2vec+rf,Musculoskeletal and connective tissue disorders,0.6472296444645327,0.8111315531524477,0.6986685353889278
scaffold,1,mol2vec+rf,Gastrointestinal disorders,0.698154075625598,0.94925410127836,0.9096005606166784
scaffold,1,mol2vec+rf,Social circumstances,0.6421061273534185,0.28087221362782544,0.17589348283111422
scaffold,1,mol2vec+rf,Immune system disorders,0.6165267083456081,0.8026855296797433,0.7175893482831114
scaffold,1,mol2vec+rf,Reproductive system and breast disorders,0.6991175171301024,0.7180064350996298,0.5094604064470918
scaffold,1,mol2vec+rf,"Neoplasms benign, malignant and unspecified (incl cysts and polyps)",0.6950251398237975,0.4821357518681146,0.263489838822705
scaffold,1,mol2vec+rf,General disorders and administration site conditions,0.5824995873559332,0.9226520602905197,0.905395935529082
scaffold,1,mol2vec+rf,Endocrine disorders,0.6583868528006359,0.4159345901642462,0.2263489838822705
scaffold,1,mol2vec+rf,Surgical and medical procedures,0.5844196230682932,0.21559086739269984,0.14926419060967064
scaffold,1,mol2vec+rf,Vascular disorders,0.6059106075613772,0.8362326235285511,0.7764540995094604
scaffold,1,mol2vec+rf,Blood and lymphatic system disorders,0.7084264055498484,0.7980098249685338,0.6201822004204625
scaffold,1,mol2vec+rf,Skin and subcutaneous tissue disorders,0.6514408106202065,0.9491238218952859,0.9236159775753329
scaffold,1,mol2vec+rf,"Congenital, familial and genetic disorders",0.6111876292589196,0.25475002448780454,0.17729502452697968
scaffold,1,mol2vec+rf,Infections and infestations,0.6321555394944379,0.7976876085024316,0.7049754730203224
scaffold,1,mol2vec+rf,"Respiratory, thoracic and mediastinal disorders",0.6134221810513139,0.8044753320774202,0.7428170988086895
scaffold,1,mol2vec+rf,Psychiatric disorders,0.6631379437745124,0.8205227243803632,0.7119831814996496
scaffold,1,mol2vec+rf,Renal and urinary disorders,0.6511331260428581,0.7615745879340189,0.6384022424667134
scaffold,1,mol2vec+rf,"Pregnancy, puerperium and perinatal conditions",0.6010000342325299,0.16106889387326956,0.08759635599159075
scaffold,1,mol2vec+rf,Ear and labyrinth disorders,0.6443727192655878,0.6074096779660774,0.46180798878766643
scaffold,1,mol2vec+rf,Cardiac disorders,0.6690849746947155,0.8066098531971239,0.6923615977575333
scaffold,1,mol2vec+rf,Nervous system disorders,0.7382089921384838,0.964870402803917,0.9138051857042747
scaffold,1,mol2vec+rf,"Injury, poisoning and procedural complications",0.5849014868379605,0.7316766375516291,0.6629292221443588
scaffold,1,mol2vec+mlp,Hepatobiliary disorders,0.6700738992826748,0.659962566603685,0.5206727400140154
scaffold,1,mol2vec+mlp,Metabolism and nutrition disorders,0.611040576029973,0.7740909739475679,0.6979677645409951
scaffold,1,mol2vec+mlp,Product issues,0.444769604758587,0.032186329360827715,0.015416958654519973
scaffold,1,mol2vec+mlp,Eye disorders,0.6177633046866218,0.6975238160435271,0.613875262789068
scaffold,1,mol2vec+mlp,Investigations,0.6543972769000698,0.8815852306161679,0.8065872459705676
scaffold,1,mol2vec+mlp,Musculoskeletal and connective tissue disorders,0.6292913304465557,0.7843650263730259,0.6986685353889278
scaffold,1,mol2vec+mlp,Gastrointestinal disorders,0.7008083862977782,0.9520245300104444,0.9096005606166784
scaffold,1,mol2vec+mlp,Social circumstances,0.6287605248564777,0.2607999094032794,0.17589348283111422
scaffold,1,mol2vec+mlp,Immune system disorders,0.6167849274931209,0.803107081886586,0.7175893482831114
scaffold,1,mol2vec+mlp,Reproductive system and breast disorders,0.6637383361152008,0.6595866856974938,0.5094604064470918
scaffold,1,mol2vec+mlp,"Neoplasms benign, malignant and unspecified (incl cysts and polyps)",0.6474649231678885,0.4000044793997768,0.263489838822705
scaffold,1,mol2vec+mlp,General disorders and administration site conditions,0.5925694013666133,0.9281833221900021,0.905395935529082
scaffold,1,mol2vec+mlp,Endocrine disorders,0.6677178881765972,0.39688350343889905,0.2263489838822705
scaffold,1,mol2vec+mlp,Surgical and medical procedures,0.6056552912403615,0.2301832310766271,0.14926419060967064
scaffold,1,mol2vec+mlp,Vascular disorders,0.5953095459290154,0.822747130135757,0.7764540995094604
scaffold,1,mol2vec+mlp,Blood and lymphatic system disorders,0.6843575330228587,0.7846943027927449,0.6201822004204625
scaffold,1,mol2vec+mlp,Skin and subcutaneous tissue disorders,0.6454485606455508,0.9522030693359878,0.9236159775753329
scaffold,1,mol2vec+mlp,"Congenital, familial and genetic disorders",0.5703406756811147,0.23433738894947273,0.17729502452697968
scaffold,1,mol2vec+mlp,Infections and infestations,0.6129437772822314,0.7793211688038397,0.7049754730203224
scaffold,1,mol2vec+mlp,"Respiratory, thoracic and mediastinal disorders",0.5978244093522816,0.7957439331563362,0.7428170988086895
scaffold,1,mol2vec+mlp,Psychiatric disorders,0.6239223839821175,0.7892913590114305,0.7119831814996496
scaffold,1,mol2vec+mlp,Renal and urinary disorders,0.6147719093490476,0.7248177908111437,0.6384022424667134
scaffold,1,mol2vec+mlp,"Pregnancy, puerperium and perinatal conditions",0.5972355018504942,0.14358010219566314,0.08759635599159075
scaffold,1,mol2vec+mlp,Ear and labyrinth disorders,0.6177401313224681,0.55893021049228,0.46180798878766643
scaffold,1,mol2vec+mlp,Cardiac disorders,0.6265058877137444,0.769664945263082,0.6923615977575333
scaffold,1,mol2vec+mlp,Nervous system disorders,0.7283141406562091,0.9624497126812563,0.9138051857042747
scaffold,1,mol2vec+mlp,"Injury, poisoning and procedural complications",0.5772080024739266,0.7221326710423417,0.6629292221443588
scaffold,1,mlp + rf ensemble,Hepatobiliary disorders,0.7203864034894976,0.7048431177611014,0.5206727400140154
scaffold,1,mlp + rf ensemble,Metabolism and nutrition disorders,0.6156546252716133,0.7830476326868119,0.6979677645409951
scaffold,1,mlp + rf ensemble,Product issues,0.5306921856566345,0.02321327339411821,0.015416958654519973
scaffold,1,mlp + rf ensemble,Eye disorders,0.6577275506933902,0.7470397183666945,0.613875262789068
scaffold,1,mlp + rf ensemble,Investigations,0.6923902775554552,0.9021232178633681,0.8065872459705676
scaffold,1,mlp + rf ensemble,Musculoskeletal and connective tissue disorders,0.6493975504799703,0.8101316284470892,0.6986685353889278
scaffold,1,mlp + rf ensemble,Gastrointestinal disorders,0.7576169676375905,0.9638518811525183,0.9096005606166784
scaffold,1,mlp + rf ensemble,Social circumstances,0.6626960712404749,0.3073206767222776,0.17589348283111422
scaffold,1,mlp + rf ensemble,Immune system disorders,0.6536467461866735,0.8245430430875651,0.7175893482831114
scaffold,1,mlp + rf ensemble,Reproductive system and breast disorders,0.7029249390808918,0.7240767316003357,0.5094604064470918
scaffold,1,mlp + rf ensemble,"Neoplasms benign, malignant and unspecified (incl cysts and polyps)",0.6926679151168471,0.4706794298080556,0.263489838822705
scaffold,1,mlp + rf ensemble,General disorders and administration site conditions,0.6139242674150701,0.9369176357790587,0.905395935529082
scaffold,1,mlp + rf ensemble,Endocrine disorders,0.6760178301316941,0.4337216354363771,0.2263489838822705
scaffold,1,mlp + rf ensemble,Surgical and medical procedures,0.6035576842884783,0.23856533590806395,0.14926419060967064
scaffold,1,mlp + rf ensemble,Vascular disorders,0.6547181096258209,0.8611323978030617,0.7764540995094604
scaffold,1,mlp + rf ensemble,Blood and lymphatic system disorders,0.7178337157368844,0.8077193477072413,0.6201822004204625
scaffold,1,mlp + rf ensemble,Skin and subcutaneous tissue disorders,0.6816233885834935,0.9603471972268508,0.9236159775753329
scaffold,1,mlp + rf ensemble,"Congenital, familial and genetic disorders",0.6091029639516302,0.26916487478217677,0.17729502452697968
scaffold,1,mlp + rf ensemble,Infections and infestations,0.655952100051309,0.8115316612547309,0.7049754730203224
scaffold,1,mlp + rf ensemble,"Respiratory, thoracic and mediastinal disorders",0.6321636119059871,0.8183718180320433,0.7428170988086895
scaffold,1,mlp + rf ensemble,Psychiatric disorders,0.6611633962525145,0.8114431235408126,0.7119831814996496
scaffold,1,mlp + rf ensemble,Renal and urinary disorders,0.6608673814946973,0.7635606067240615,0.6384022424667134
scaffold,1,mlp + rf ensemble,"Pregnancy, puerperium and perinatal conditions",0.5978601226280447,0.16665078932569827,0.08759635599159075
scaffold,1,mlp + rf ensemble,Ear and labyrinth disorders,0.6262713931413048,0.6057674268997824,0.46180798878766643
scaffold,1,mlp + rf ensemble,Cardiac disorders,0.6636940223384646,0.8073461650733205,0.6923615977575333
scaffold,1,mlp + rf ensemble,Nervous system disorders,0.748886271259605,0.9663088148888234,0.9138051857042747
scaffold,1,mlp + rf ensemble,"Injury, poisoning and procedural complications",0.5990940703084574,0.7492657801353408,0.6629292221443588
scaffold,1,chemprop,Hepatobiliary disorders,0.6768152543664975,0.6414798168765412,0.5206727400140154
scaffold,1,chemprop,Metabolism and nutrition disorders,0.599108538907069,0.7459902356289589,0.6979677645409951
scaffold,1,chemprop,Product issues,0.5670628250448867,0.023927143585814763,0.015416958654519973
scaffold,1,chemprop,Eye disorders,0.6302346712885644,0.7139533821888477,0.613875262789068
scaffold,1,chemprop,Investigations,0.6314993854016203,0.8564477501320361,0.8065872459705676
scaffold,1,chemprop,Musculoskeletal and connective tissue disorders,0.6196919079586658,0.7638838208869411,0.6986685353889278
scaffold,1,chemprop,Gastrointestinal disorders,0.6554686078012469,0.9433308948703905,0.9096005606166784
scaffold,1,chemprop,Social circumstances,0.6108992452148262,0.24087523171836445,0.17589348283111422
scaffold,1,chemprop,Immune system disorders,0.5944209057265024,0.7788558979495573,0.7175893482831114
scaffold,1,chemprop,Reproductive system and breast disorders,0.6580053687273818,0.6363693194763788,0.5094604064470918
scaffold,1,chemprop,"Neoplasms benign, malignant and unspecified (incl cysts and polyps)",0.6358717531712285,0.3749150039781396,0.263489838822705
scaffold,1,chemprop,General disorders and administration site conditions,0.6092134796703187,0.9277786855288639,0.905395935529082
scaffold,1,chemprop,Endocrine disorders,0.6689891066907022,0.37809273702759305,0.2263489838822705
scaffold,1,chemprop,Surgical and medical procedures,0.5999843892620417,0.20058877558419946,0.14926419060967064
scaffold,1,chemprop,Vascular disorders,0.6156937717405921,0.8326466300188045,0.7764540995094604
scaffold,1,chemprop,Blood and lymphatic system disorders,0.6826825620174155,0.7538559583975927,0.6201822004204625
scaffold,1,chemprop,Skin and subcutaneous tissue disorders,0.5652195361701641,0.938169860702188,0.9236159775753329
scaffold,1,chemprop,"Congenital, familial and genetic disorders",0.5742491122961197,0.22395829034047782,0.17729502452697968
scaffold,1,chemprop,Infections and infestations,0.6106173847946342,0.7679564903339264,0.7049754730203224
scaffold,1,chemprop,"Respiratory, thoracic and mediastinal disorders",0.6045059215771309,0.7962681675032843,0.7428170988086895
scaffold,1,chemprop,Psychiatric disorders,0.6472377302859108,0.7968837647777669,0.7119831814996496
scaffold,1,chemprop,Renal and urinary disorders,0.6169352282913221,0.7140921690249329,0.6384022424667134
scaffold,1,chemprop,"Pregnancy, puerperium and perinatal conditions",0.5855081903421874,0.12207571864359272,0.08759635599159075
scaffold,1,chemprop,Ear and labyrinth disorders,0.5997412400083526,0.5436341884395489,0.46180798878766643
scaffold,1,chemprop,Cardiac disorders,0.6408020568584906,0.7884477575299162,0.6923615977575333
scaffold,1,chemprop,Nervous system disorders,0.6523032096301967,0.9429542298470176,0.9138051857042747
scaffold,1,chemprop,"Injury, poisoning and procedural complications",0.5637928160668947,0.7074657019754156,0.6629292221443588
scaffold,1,chemprop+desc,Hepatobiliary disorders,0.6957322862863238,0.6745871352030782,0.5206727400140154
scaffold,1,chemprop+desc,Metabolism and nutrition disorders,0.6199460054005825,0.7734778152420037,0.6979677645409951
scaffold,1,chemprop+desc,Product issues,0.5167639771866226,0.022835890365151164,0.015416958654519973
scaffold,1,chemprop+desc,Eye disorders,0.6531497238621033,0.7275634333852381,0.613875262789068
scaffold,1,chemprop+desc,Investigations,0.6710195308172788,0.8887135759412773,0.8065872459705676
scaffold,1,chemprop+desc,Musculoskeletal and connective tissue disorders,0.637665013668209,0.788178551094627,0.6986685353889278
scaffold,1,chemprop+desc,Gastrointestinal disorders,0.7000884096878115,0.9491898917773968,0.9096005606166784
scaffold,1,chemprop+desc,Social circumstances,0.6393712206805684,0.25962969797041224,0.17589348283111422
scaffold,1,chemprop+desc,Immune system disorders,0.6095628323158607,0.7928839089709447,0.7175893482831114
scaffold,1,chemprop+desc,Reproductive system and breast disorders,0.6767236362209023,0.6627231810924112,0.5094604064470918
scaffold,1,chemprop+desc,"Neoplasms benign, malignant and unspecified (incl cysts and polyps)",0.6824088693765169,0.4384838444797259,0.263489838822705
scaffold,1,chemprop+desc,General disorders and administration site conditions,0.5904496703898445,0.9240484395478175,0.905395935529082
scaffold,1,chemprop+desc,Endocrine disorders,0.6751014973652534,0.3917147891668672,0.2263489838822705
scaffold,1,chemprop+desc,Surgical and medical procedures,0.6288743975408322,0.23190234593848694,0.14926419060967064
scaffold,1,chemprop+desc,Vascular disorders,0.6371825113185148,0.8477723787850413,0.7764540995094604
scaffold,1,chemprop+desc,Blood and lymphatic system disorders,0.7034915732968908,0.7853660097431957,0.6201822004204625
scaffold,1,chemprop+desc,Skin and subcutaneous tissue disorders,0.5963268971443088,0.9398314873177755,0.9236159775753329
scaffold,1,chemprop+desc,"Congenital, familial and genetic disorders",0.5999354599074606,0.24009162640969262,0.17729502452697968
scaffold,1,chemprop+desc,Infections and infestations,0.6117473826576351,0.7798709683845089,0.7049754730203224
scaffold,1,chemprop+desc,"Respiratory, thoracic and mediastinal disorders",0.6173168820554359,0.8041698189077724,0.7428170988086895
scaffold,1,chemprop+desc,Psychiatric disorders,0.6749894156609075,0.8289406786169904,0.7119831814996496
scaffold,1,chemprop+desc,Renal and urinary disorders,0.6485069923165057,0.7533431565108222,0.6384022424667134
scaffold,1,chemprop+desc,"Pregnancy, puerperium and perinatal conditions",0.5926359325157886,0.1309442195054102,0.08759635599159075
scaffold,1,chemprop+desc,Ear and labyrinth disorders,0.6249774295101462,0.5722325810691793,0.46180798878766643
scaffold,1,chemprop+desc,Cardiac disorders,0.6568045374140141,0.7985206767773603,0.6923615977575333
scaffold,1,chemprop+desc,Nervous system disorders,0.6770337194452337,0.9462051188896707,0.9138051857042747
scaffold,1,chemprop+desc,"Injury, poisoning and procedural complications",0.6043122642576835,0.7466774481676756,0.6629292221443588
scaffold,2,morgan+desc+mlp,Hepatobiliary disorders,0.688077291198,0.6738678644651783,0.5206727400140154
scaffold,2,morgan+desc+mlp,Metabolism and nutrition disorders,0.6096371475259635,0.7722829676786566,0.6979677645409951
scaffold,2,morgan+desc+mlp,Product issues,0.4851209560745199,0.03700743230072265,0.015416958654519973
scaffold,2,morgan+desc+mlp,Eye disorders,0.6412918388789917,0.7271228788287752,0.613875262789068
scaffold,2,morgan+desc+mlp,Investigations,0.6642799929735401,0.8830437534809918,0.8065872459705676
scaffold,2,morgan+desc+mlp,Musculoskeletal and connective tissue disorders,0.6249258333284208,0.7817031468702134,0.6986685353889278
scaffold,2,morgan+desc+mlp,Gastrointestinal disorders,0.7361827864236438,0.9609472738250989,0.9096005606166784
scaffold,2,morgan+desc+mlp,Social circumstances,0.6388966293557673,0.2952551856449121,0.17589348283111422
scaffold,2,morgan+desc+mlp,Immune system disorders,0.6273021702721696,0.8112478378874171,0.7175893482831114
scaffold,2,morgan+desc+mlp,Reproductive system and breast disorders,0.6687079008255621,0.6733758407438153,0.5094604064470918
scaffold,2,morgan+desc+mlp,"Neoplasms benign, malignant and unspecified (incl cysts and polyps)",0.6483798018905835,0.4252007858129619,0.263489838822705
scaffold,2,morgan+desc+mlp,General disorders and administration site conditions,0.6151020763993037,0.9356595092614164,0.905395935529082
scaffold,2,morgan+desc+mlp,Endocrine disorders,0.6388561723694298,0.4121549499623144,0.2263489838822705
scaffold,2,morgan+desc+mlp,Surgical and medical procedures,0.5656180762403615,0.21538164354625886,0.14926419060967064
scaffold,2,morgan+desc+mlp,Vascular disorders,0.6308007803839785,0.8521769345458436,0.7764540995094604
scaffold,2,morgan+desc+mlp,Blood and lymphatic system disorders,0.7021699451457382,0.7771577621677462,0.6201822004204625
scaffold,2,morgan+desc+mlp,Skin and subcutaneous tissue disorders,0.6725405992219234,0.9569873500092696,0.9236159775753329
scaffold,2,morgan+desc+mlp,"Congenital, familial and genetic disorders",0.5850265010613486,0.25874596319929444,0.17729502452697968
scaffold,2,morgan+desc+mlp,Infections and infestations,0.6362867852001506,0.7950204539884365,0.7049754730203224
scaffold,2,morgan+desc+mlp,"Respiratory, thoracic and mediastinal disorders",0.616786100123974,0.8182018617671284,0.7428170988086895
scaffold,2,morgan+desc+mlp,Psychiatric disorders,0.6398704359933467,0.8093623121690685,0.7119831814996496
scaffold,2,morgan+desc+mlp,Renal and urinary disorders,0.6544926365008885,0.7480622300916628,0.6384022424667134
scaffold,2,morgan+desc+mlp,"Pregnancy, puerperium and perinatal conditions",0.5831782151121068,0.14140259945251196,0.08759635599159075
scaffold,2,morgan+desc+mlp,Ear and labyrinth disorders,0.6231307671330125,0.5855141958341594,0.46180798878766643
scaffold,2,morgan+desc+mlp,Cardiac disorders,0.650353731584865,0.7978930249404316,0.6923615977575333
scaffold,2,morgan+desc+mlp,Nervous system disorders,0.730472883646909,0.9639927998576437,0.9138051857042747
scaffold,2,morgan+desc+mlp,"Injury, poisoning and procedural complications",0.6069823618517198,0.7498161737569137,0.6629292221443588
scaffold,2,mol2vec+logreg,Hepatobiliary disorders,0.6747555745768216,0.6664967020501127,0.5206727400140154
scaffold,2,mol2vec+logreg,Metabolism and nutrition disorders,0.617812839405359,0.7711726181771132,0.6979677645409951
scaffold,2,mol2vec+logreg,Product issues,0.5730157014601858,0.046221231070604336,0.015416958654519973
scaffold,2,mol2vec+logreg,Eye disorders,0.6246000635293563,0.7025218149878886,0.613875262789068
scaffold,2,mol2vec+logreg,Investigations,0.6333626167755853,0.8673724789895992,0.8065872459705676
scaffold,2,mol2vec+logreg,Musculoskeletal and connective tissue disorders,0.6188135900050359,0.7794902177145822,0.6986685353889278
scaffold,2,mol2vec+logreg,Gastrointestinal disorders,0.6908414623305645,0.9501084445657837,0.9096005606166784
scaffold,2,mol2vec+logreg,Social circumstances,0.5914615690142193,0.23360028670260696,0.17589348283111422
scaffold,2,mol2vec+logreg,Immune system disorders,0.6011045081690902,0.7994596602611485,0.7175893482831114
scaffold,2,mol2vec+logreg,Reproductive system and breast disorders,0.6542835538162372,0.6361351279488323,0.5094604064470918
scaffold,2,mol2vec+logreg,"Neoplasms benign, malignant and unspecified (incl cysts and polyps)",0.6337116212799918,0.3897278642512843,0.263489838822705
scaffold,2,mol2vec+logreg,General disorders and administration site conditions,0.5991760676147649,0.9271879306516493,0.905395935529082
scaffold,2,mol2vec+logreg,Endocrine disorders,0.6904657278748394,0.40305660813068717,0.2263489838822705
scaffold,2,mol2vec+logreg,Surgical and medical procedures,0.5771281016576284,0.2033458615946389,0.14926419060967064
scaffold,2,mol2vec+logreg,Vascular disorders,0.6174781681442406,0.8418460899429402,0.7764540995094604
scaffold,2,mol2vec+logreg,Blood and lymphatic system disorders,0.6955311618368342,0.776112567818863,0.6201822004204625
scaffold,2,mol2vec+logreg,Skin and subcutaneous tissue disorders,0.6427498647751824,0.9517060976449517,0.9236159775753329
scaffold,2,mol2vec+logreg,"Congenital, familial and genetic disorders",0.5750487346041415,0.23895024879405713,0.17729502452697968
scaffold,2,mol2vec+logreg,Infections and infestations,0.6352370337458237,0.798897556930215,0.7049754730203224
scaffold,2,mol2vec+logreg,"Respiratory, thoracic and mediastinal disorders",0.62404332587769,0.8107135451176994,0.7428170988086895
scaffold,2,mol2vec+logreg,Psychiatric disorders,0.6167841474174126,0.7743056744877824,0.7119831814996496
scaffold,2,mol2vec+logreg,Renal and urinary disorders,0.6103807030946127,0.7214786923595972,0.6384022424667134
scaffold,2,mol2vec+logreg,"Pregnancy, puerperium and perinatal conditions",0.5626195855578487,0.12966496445072367,0.08759635599159075
scaffold,2,mol2vec+logreg,Ear and labyrinth disorders,0.5955134571967886,0.542737870690703,0.46180798878766643
scaffold,2,mol2vec+logreg,Cardiac disorders,0.6384706391944481,0.7778470372841806,0.6923615977575333
scaffold,2,mol2vec+logreg,Nervous system disorders,0.7338884145806205,0.96016573816521,0.9138051857042747
scaffold,2,mol2vec+logreg,"Injury, poisoning and procedural complications",0.5787866763705826,0.7238479813384588,0.6629292221443588
scaffold,2,mol2vec+rf,Hepatobiliary disorders,0.7079805013709393,0.6904839670875971,0.5206727400140154
scaffold,2,mol2vec+rf,Metabolism and nutrition disorders,0.6119523693883282,0.7707074976411326,0.6979677645409951
scaffold,2,mol2vec+rf,Product issues,0.5497429087372707,0.0292294853106063,0.015416958654519973
scaffold,2,mol2vec+rf,Eye disorders,0.6566340923268166,0.7388106524611542,0.613875262789068
scaffold,2,mol2vec+rf,Investigations,0.6474586952645129,0.8716361769154574,0.8065872459705676
scaffold,2,mol2vec+rf,Musculoskeletal and connective tissue disorders,0.6513931700436654,0.8047447751536911,0.6986685353889278
scaffold,2,mol2vec+rf,Gastrointestinal disorders,0.7213780588163315,0.9554719004837529,0.9096005606166784
scaffold,2,mol2vec+rf,Social circumstances,0.6371975177589122,0.2819301659237171,0.17589348283111422
scaffold,2,mol2vec+rf,Immune system disorders,0.6210201247008932,0.7986170482046312,0.7175893482831114
scaffold,2,mol2vec+rf,Reproductive system and breast disorders,0.6925055999448649,0.7058634064072971,0.5094604064470918
scaffold,2,mol2vec+rf,"Neoplasms benign, malignant and unspecified (incl cysts and polyps)",0.6958312214159714,0.48232272047273445,0.263489838822705
scaffold,2,mol2vec+rf,General disorders and administration site conditions,0.5702590805481231,0.9177643842494533,0.905395935529082
scaffold,2,mol2vec+rf,Endocrine disorders,0.682569939082491,0.4466574101404805,0.2263489838822705
scaffold,2,mol2vec+rf,Surgical and medical procedures,0.5907145307995023,0.211150541031944,0.14926419060967064
scaffold,2,mol2vec+rf,Vascular disorders,0.6213250615415683,0.8389013045352571,0.7764540995094604
scaffold,2,mol2vec+rf,Blood and lymphatic system disorders,0.7205345479706292,0.7952759151322683,0.6201822004204625
scaffold,2,mol2vec+rf,Skin and subcutaneous tissue disorders,0.6882281656260167,0.9591812643445445,0.9236159775753329
scaffold,2,mol2vec+rf,"Congenital, familial and genetic disorders",0.6148407192267694,0.25798419188151944,0.17729502452697968
scaffold,2,mol2vec+rf,Infections and infestations,0.6436013011971664,0.8036399363379552,0.7049754730203224
scaffold,2,mol2vec+rf,"Respiratory, thoracic and mediastinal disorders",0.6197969089786178,0.8104745444410402,0.7428170988086895
scaffold,2,mol2vec+rf,Psychiatric disorders,0.6709028490303249,0.8176181092517295,0.7119831814996496
scaffold,2,mol2vec+rf,Renal and urinary disorders,0.6348133709601609,0.7393063286976282,0.6384022424667134
scaffold,2,mol2vec+rf,"Pregnancy, puerperium and perinatal conditions",0.5868093832016086,0.13342840094410907,0.08759635599159075
scaffold,2,mol2vec+rf,Ear and labyrinth disorders,0.6342380941419847,0.6026659149766015,0.46180798878766643
scaffold,2,mol2vec+rf,Cardiac disorders,0.6789280141018545,0.8162491531629161,0.6923615977575333
scaffold,2,mol2vec+rf,Nervous system disorders,0.7296353408529936,0.9648750143287446,0.9138051857042747
scaffold,2,mol2vec+rf,"Injury, poisoning and procedural complications",0.5880535147531727,0.729898585406565,0.6629292221443588
scaffold,2,mol2vec+mlp,Hepatobiliary disorders,0.6697435469426297,0.6636352505025344,0.5206727400140154
scaffold,2,mol2vec+mlp,Metabolism and nutrition disorders,0.6119391123908489,0.770819005364255,0.6979677645409951
scaffold,2,mol2vec+mlp,Product issues,0.5909278100210396,0.04814698081973007,0.015416958654519973
scaffold,2,mol2vec+mlp,Eye disorders,0.6298074950181878,0.7103300482300577,0.613875262789068
scaffold,2,mol2vec+mlp,Investigations,0.6537366831153654,0.8786309180670763,0.8065872459705676
scaffold,2,mol2vec+mlp,Musculoskeletal and connective tissue disorders,0.6267792952415225,0.7850850235676833,0.6986685353889278
scaffold,2,mol2vec+mlp,Gastrointestinal disorders,0.6974887052065979,0.9513847373084324,0.9096005606166784
scaffold,2,mol2vec+mlp,Social circumstances,0.6328509505811385,0.26774813473498343,0.17589348283111422
scaffold,2,mol2vec+mlp,Immune system disorders,0.6073827874980502,0.7992488689509828,0.7175893482831114
scaffold,2,mol2vec+mlp,Reproductive system and breast disorders,0.6489642849381748,0.6250932591349144,0.5094604064470918
scaffold,2,mol2vec+mlp,"Neoplasms benign, malignant and unspecified (incl cysts and polyps)",0.6222448797818777,0.37497811898230954,0.263489838822705
scaffold,2,mol2vec+mlp,General disorders and administration site conditions,0.5960769015669278,0.9295194982938465,0.905395935529082
scaffold,2,mol2vec+mlp,Endocrine disorders,0.6660980707564572,0.3983212875158789,0.2263489838822705
scaffold,2,mol2vec+mlp,Surgical and medical procedures,0.5989357037974743,0.23212655345522806,0.14926419060967064
scaffold,2,mol2vec+mlp,Vascular disorders,0.5945380017997163,0.8238879410645221,0.7764540995094604
scaffold,2,mol2vec+mlp,Blood and lymphatic system disorders,0.686388215779735,0.7714367489285703,0.6201822004204625
scaffold,2,mol2vec+mlp,Skin and subcutaneous tissue disorders,0.683561103576439,0.9574473747180445,0.9236159775753329
scaffold,2,mol2vec+mlp,"Congenital, familial and genetic disorders",0.570080494775858,0.23856260676481736,0.17729502452697968
scaffold,2,mol2vec+mlp,Infections and infestations,0.6268704827774448,0.7917860659775342,0.7049754730203224
scaffold,2,mol2vec+mlp,"Respiratory, thoracic and mediastinal disorders",0.5964392368171135,0.7858372371834642,0.7428170988086895
scaffold,2,mol2vec+mlp,Psychiatric disorders,0.6096575099263462,0.7736064310454107,0.7119831814996496
scaffold,2,mol2vec+mlp,Renal and urinary disorders,0.6378594644023268,0.744664653854356,0.6384022424667134
scaffold,2,mol2vec+mlp,"Pregnancy, puerperium and perinatal conditions",0.5884391238222031,0.1372749268296242,0.08759635599159075
scaffold,2,mol2vec+mlp,Ear and labyrinth disorders,0.5996300519418872,0.5512144054075975,0.46180798878766643
scaffold,2,mol2vec+mlp,Cardiac disorders,0.6434486233531063,0.7833591243035363,0.6923615977575333
scaffold,2,mol2vec+mlp,Nervous system disorders,0.7184646933392742,0.9594346652176651,0.9138051857042747
scaffold,2,mol2vec+mlp,"Injury, poisoning and procedural complications",0.5724766108914736,0.7164389773828724,0.6629292221443588
scaffold,2,mlp + rf ensemble,Hepatobiliary disorders,0.7147840494774915,0.6970565463401404,0.5206727400140154
scaffold,2,mlp + rf ensemble,Metabolism and nutrition disorders,0.6275626918180404,0.7857823205567661,0.6979677645409951
scaffold,2,mlp + rf ensemble,Product issues,0.5462579753151722,0.03376925710615605,0.015416958654519973
scaffold,2,mlp + rf ensemble,Eye disorders,0.6662732101521938,0.7430647792641565,0.613875262789068
scaffold,2,mlp + rf ensemble,Investigations,0.6826203985968847,0.8910031460341765,0.8065872459705676
scaffold,2,mlp + rf ensemble,Musculoskeletal and connective tissue disorders,0.6574162565189418,0.8037715419656,0.6986685353889278
scaffold,2,mlp + rf ensemble,Gastrointestinal disorders,0.7587356395727186,0.9643646302598992,0.9096005606166784
scaffold,2,mlp + rf ensemble,Social circumstances,0.6503490241501633,0.30866242317771003,0.17589348283111422
scaffold,2,mlp + rf ensemble,Immune system disorders,0.6432112279762501,0.821609638272258,0.7175893482831114
scaffold,2,mlp + rf ensemble,Reproductive system and breast disorders,0.7019492908787621,0.7167774729496462,0.5094604064470918
scaffold,2,mlp + rf ensemble,"Neoplasms benign, malignant and unspecified (incl cysts and polyps)",0.6808512807190343,0.4822269089354931,0.263489838822705
scaffold,2,mlp + rf ensemble,General disorders and administration site conditions,0.6226171631169016,0.9377252082152596,0.905395935529082
scaffold,2,mlp + rf ensemble,Endocrine disorders,0.6748282077622872,0.4388889616470076,0.2263489838822705
scaffold,2,mlp + rf ensemble,Surgical and medical procedures,0.5983394398118289,0.23135176129031265,0.14926419060967064
scaffold,2,mlp + rf ensemble,Vascular disorders,0.6530111031471538,0.8627462108901673,0.7764540995094604
scaffold,2,mlp + rf ensemble,Blood and lymphatic system disorders,0.7326672401941563,0.8104135574744203,0.6201822004204625
scaffold,2,mlp + rf ensemble,Skin and subcutaneous tissue disorders,0.6873610131630388,0.9601227912529489,0.9236159775753329
scaffold,2,mlp + rf ensemble,"Congenital, familial and genetic disorders",0.6027528462018588,0.2630648978649234,0.17729502452697968
scaffold,2,mlp + rf ensemble,Infections and infestations,0.6577722083948958,0.8107657620063569,0.7049754730203224
scaffold,2,mlp + rf ensemble,"Respiratory, thoracic and mediastinal disorders",0.6431604338883264,0.8299497773116183,0.7428170988086895
scaffold,2,mlp + rf ensemble,Psychiatric disorders,0.6668648977914884,0.8195841980320282,0.7119831814996496
scaffold,2,mlp + rf ensemble,Renal and urinary disorders,0.6740547003598739,0.762121080007432,0.6384022424667134
scaffold,2,mlp + rf ensemble,"Pregnancy, puerperium and perinatal conditions",0.5953665402931618,0.1547723679463419,0.08759635599159075
scaffold,2,mlp + rf ensemble,Ear and labyrinth disorders,0.6470615431791605,0.611797339390125,0.46180798878766643
scaffold,2,mlp + rf ensemble,Cardiac disorders,0.6835217408277143,0.8209852371548741,0.6923615977575333
scaffold,2,mlp + rf ensemble,Nervous system disorders,0.7617912088748375,0.9685490674765396,0.9138051857042747
scaffold,2,mlp + rf ensemble,"Injury, poisoning and procedural complications",0.6225837983586482,0.7637239579359382,0.6629292221443588
scaffold,2,chemprop,Hepatobiliary disorders,0.7034633788775009,0.6833525033249035,0.5206727400140154
scaffold,2,chemprop,Metabolism and nutrition disorders,0.6134046341725237,0.7726561031871221,0.6979677645409951
scaffold,2,chemprop,Product issues,0.6560133828689827,0.043514958496912406,0.015416958654519973
scaffold,2,chemprop,Eye disorders,0.633618745559007,0.712045868532952,0.613875262789068
scaffold,2,chemprop,Investigations,0.6430639209381098,0.8671433188116859,0.8065872459705676
scaffold,2,chemprop,Musculoskeletal and connective tissue disorders,0.6420021425624329,0.7809792268371696,0.6986685353889278
scaffold,2,chemprop,Gastrointestinal disorders,0.6617726073431129,0.9438422443027006,0.9096005606166784
scaffold,2,chemprop,Social circumstances,0.6074716192990265,0.25959125445611775,0.17589348283111422
scaffold,2,chemprop,Immune system disorders,0.5829651390435011,0.7763291146297113,0.7175893482831114
scaffold,2,chemprop,Reproductive system and breast disorders,0.6723013488457681,0.6524661800736895,0.5094604064470918
scaffold,2,chemprop,"Neoplasms benign, malignant and unspecified (incl cysts and polyps)",0.6562470530935319,0.42452356754647236,0.263489838822705
scaffold,2,chemprop,General disorders and administration site conditions,0.5934254008596896,0.9260967999561931,0.905395935529082
scaffold,2,chemprop,Endocrine disorders,0.6668207398836931,0.37624455649108846,0.2263489838822705
scaffold,2,chemprop,Surgical and medical procedures,0.6174912730300347,0.2308033158340371,0.14926419060967064
scaffold,2,chemprop,Vascular disorders,0.6069604498366378,0.8366212540424505,0.7764540995094604
scaffold,2,chemprop,Blood and lymphatic system disorders,0.69364488170606,0.7714360399424294,0.6201822004204625
scaffold,2,chemprop,Skin and subcutaneous tissue disorders,0.5893742628880532,0.9333228261649087,0.9236159775753329
scaffold,2,chemprop,"Congenital, familial and genetic disorders",0.580043609470763,0.24240903692449695,0.17729502452697968
scaffold,2,chemprop,Infections and infestations,0.6056910046480815,0.7600495617610857,0.7049754730203224
scaffold,2,chemprop,"Respiratory, thoracic and mediastinal disorders",0.6044783620170476,0.8045342618776236,0.7428170988086895
scaffold,2,chemprop,Psychiatric disorders,0.6309754917970751,0.7849292412637109,0.7119831814996496
scaffold,2,chemprop,Renal and urinary disorders,0.6437568213160904,0.739836933012185,0.6384022424667134
scaffold,2,chemprop,"Pregnancy, puerperium and perinatal conditions",0.5785086255012425,0.12331902794017813,0.08759635599159075
scaffold,2,chemprop,Ear and labyrinth disorders,0.6112291636830988,0.5651052348009428,0.46180798878766643
scaffold,2,chemprop,Cardiac disorders,0.6482791560683088,0.7925092932334075,0.6923615977575333
scaffold,2,chemprop,Nervous system disorders,0.6274231671527913,0.9384477892210874,0.9138051857042747
scaffold,2,chemprop,"Injury, poisoning and procedural complications",0.5763068320087456,0.7185071439065999,0.6629292221443588
scaffold,2,chemprop+desc,Hepatobiliary disorders,0.7124982949557712,0.6873524591341266,0.5206727400140154
scaffold,2,chemprop+desc,Metabolism and nutrition disorders,0.6134955060527183,0.7734405889213377,0.6979677645409951
scaffold,2,chemprop+desc,Product issues,0.6242646759514979,0.04442008270418825,0.015416958654519973
scaffold,2,chemprop+desc,Eye disorders,0.6422795671089986,0.7061841915845857,0.613875262789068
scaffold,2,chemprop+desc,Investigations,0.6539401073642388,0.8805588993058787,0.8065872459705676
scaffold,2,chemprop+desc,Musculoskeletal and connective tissue disorders,0.6427934265400118,0.7828429815010994,0.6986685353889278
scaffold,2,chemprop+desc,Gastrointestinal disorders,0.6655096605591935,0.9446821335747225,0.9096005606166784
scaffold,2,chemprop+desc,Social circumstances,0.6140525493991447,0.26635777694929985,0.17589348283111422
scaffold,2,chemprop+desc,Immune system disorders,0.6029509252842153,0.7942551782390231,0.7175893482831114
scaffold,2,chemprop+desc,Reproductive system and breast disorders,0.6869455509252692,0.671740569660041,0.5094604064470918
scaffold,2,chemprop+desc,"Neoplasms benign, malignant and unspecified (incl cysts and polyps)",0.6872135500316747,0.48536660075278426,0.263489838822705
scaffold,2,chemprop+desc,General disorders and administration site conditions,0.6113045322428678,0.9298132544263542,0.905395935529082
scaffold,2,chemprop+desc,Endocrine disorders,0.703151507214251,0.41829189096653874,0.2263489838822705
scaffold,2,chemprop+desc,Surgical and medical procedures,0.6088998539770967,0.22625397138887457,0.14926419060967064
scaffold,2,chemprop+desc,Vascular disorders,0.6140756646481094,0.8329707582642685,0.7764540995094604
scaffold,2,chemprop+desc,Blood and lymphatic system disorders,0.694998322822476,0.7707310450406331,0.6201822004204625
scaffold,2,chemprop+desc,Skin and subcutaneous tissue disorders,0.6226193034464736,0.9442021850230006,0.9236159775753329
scaffold,2,chemprop+desc,"Congenital, familial and genetic disorders",0.5924189305493309,0.2436500955320433,0.17729502452697968
scaffold,2,chemprop+desc,Infections and infestations,0.6398079822687082,0.7893842173035054,0.7049754730203224
scaffold,2,chemprop+desc,"Respiratory, thoracic and mediastinal disorders",0.6064706430107322,0.7931853505925213,0.7428170988086895
scaffold,2,chemprop+desc,Psychiatric disorders,0.6447185758634957,0.7977380025899486,0.7119831814996496
scaffold,2,chemprop+desc,Renal and urinary disorders,0.6409285691376895,0.7324372089416442,0.6384022424667134
scaffold,2,chemprop+desc,"Pregnancy, puerperium and perinatal conditions",0.5935089742141337,0.12966465380903255,0.08759635599159075
scaffold,2,chemprop+desc,Ear and labyrinth disorders,0.6239253604419179,0.5646851666707661,0.46180798878766643
scaffold,2,chemprop+desc,Cardiac disorders,0.6575388372806971,0.7860826156608118,0.6923615977575333
scaffold,2,chemprop+desc,Nervous system disorders,0.6870777638317469,0.9510486571408554,0.9138051857042747
scaffold,2,chemprop+desc,"Injury, poisoning and procedural complications",0.5887273297542164,0.7313050371339529,0.6629292221443588
